GeoUID,Type,Region Name,Area (sq km),Population ,Dwellings ,Households ,v_CA16_4901: Average monthly shelter costs for rented dwellings ($),v_CA16_409: Single-detached house,v_CA16_408: Occupied private dwellings by structural type of dwelling data,v_CA16_410: Apartment in a building that has five or more storeys
59150370,DA,Vancouver,0.11329,1317,658,627,1283,25,630,365
59150371,DA,Vancouver,0.07121,535,205,183,1209,45,180,0
59150372,DA,Vancouver,0.09806,709,299,287,993,40,285,0
59150373,DA,Vancouver,0.11723,719,272,239,1205,65,240,0
59150375,DA,Vancouver,0.0738,474,165,157,1212,35,155,0
59150376,DA,Vancouver,0.06748,465,186,163,1160,30,165,0
59150377,DA,Vancouver,0.06688,503,194,178,1450,55,175,0
59150378,DA,Vancouver,0.05786,862,375,375,1559,5,375,0
59150379,DA,Vancouver,0.07997,578,235,206,1539,40,205,0
59150380,DA,Vancouver,0.0568,591,235,214,1189,20,215,0
59150381,DA,Vancouver,0.07269,638,258,230,1065,35,230,0
59150382,DA,Vancouver,0.06658,583,213,190,1190,40,190,0
59150383,DA,Vancouver,0.06337,538,211,192,1246,50,190,0
59150384,DA,Vancouver,0.05805,468,212,190,1450,15,190,0
59150385,DA,Vancouver,0.06877,512,206,177,1014,20,175,0
59150386,DA,Vancouver,0.11156,586,206,179,1273,35,175,0
59150387,DA,Vancouver,0.06365,482,178,163,1111,25,160,0
59150400,DA,Vancouver,0.09577,711,254,226,1095,20,225,0
59150402,DA,Vancouver,0.17039,702,268,238,1177,65,235,0
59150412,DA,Vancouver,0.05905,448,170,155,873,15,155,0
59150414,DA,Vancouver,0.07107,649,230,207,961,30,205,0
59150416,DA,Vancouver,0.08933,663,243,230,1320,90,230,0
59150417,DA,Vancouver,0.07101,484,184,173,1417,55,175,0
59150419,DA,Vancouver,0.09145,447,183,168,1219,70,170,0
59150534,DA,Vancouver,0.09841,535,227,188,1512,50,190,0
59150535,DA,Vancouver,0.09307,599,245,215,1436,45,215,0
59150536,DA,Vancouver,0.04993,516,279,274,604,15,275,140
59150537,DA,Vancouver,0.08801,586,230,207,1526,80,205,0
59150538,DA,Vancouver,0.07967,186,121,110,866,10,110,0
59150539,DA,Vancouver,0.09378,483,207,185,1077,65,185,0
59150540,DA,Vancouver,0.12237,572,269,214,1906,85,210,0
59150542,DA,Vancouver,0.09765,456,200,193,1294,70,195,0
59150543,DA,Vancouver,0.23385,515,173,148,1902,105,150,0
59150545,DA,Vancouver,0.45708,660,211,203,1552,105,200,0
59150565,DA,Vancouver,0.11539,541,249,233,1836,65,235,100
59150566,DA,Vancouver,0.04804,536,357,324,1635,0,325,240
59150567,DA,Vancouver,0.04279,567,332,320,1579,5,320,165
59150568,DA,Vancouver,0.04691,576,343,323,1486,10,325,190
59150569,DA,Vancouver,0.0662,842,511,481,1461,0,480,265
59150571,DA,Vancouver,0.30982,566,215,194,1800,155,195,0
59150572,DA,Vancouver,0.13282,341,133,117,0,85,115,0
59150573,DA,Vancouver,0.06015,1430,679,635,1974,0,635,255
59150575,DA,Vancouver,0.22535,695,232,201,1408,50,200,0
59150577,DA,Vancouver,0.20779,819,387,376,0,0,375,190
59150578,DA,Vancouver,0.23211,463,184,152,0,120,150,0
59150579,DA,Vancouver,0.11965,413,145,138,0,110,140,0
59150580,DA,Vancouver,0.13554,473,156,144,0,125,140,0
59150581,DA,Vancouver,0.11217,366,123,117,2179,80,115,0
59150582,DA,Vancouver,0.15275,580,191,176,2041,125,180,0
59150583,DA,Vancouver,0.10962,567,282,254,1877,30,255,0
59150584,DA,Vancouver,0.08925,615,309,273,1854,30,270,0
59150585,DA,Vancouver,0.12259,480,214,188,1506,65,185,0
59150586,DA,Vancouver,0.1766,541,304,289,1278,10,290,0
59150587,DA,Vancouver,0.08738,577,268,248,1567,45,250,0
59150588,DA,Vancouver,0.09769,585,258,227,1380,45,225,0
59150589,DA,Vancouver,0.09696,468,203,173,2041,50,175,0
59150590,DA,Vancouver,0.09719,545,239,206,1824,55,205,0
59150591,DA,Vancouver,0.1138,625,275,219,1766,80,220,0
59150592,DA,Vancouver,0.0982,617,301,271,1789,45,275,0
59150593,DA,Vancouver,0.08386,547,254,226,1970,45,225,0
59150594,DA,Vancouver,0.06679,452,221,212,1552,20,215,0
59150595,DA,Vancouver,0.08824,666,338,318,1480,45,320,0
59150596,DA,Vancouver,0.06905,476,225,204,1692,15,205,0
59150597,DA,Vancouver,0.08269,731,399,371,1571,15,370,30
59150598,DA,Vancouver,0.08231,594,322,303,1477,15,300,0
59150599,DA,Vancouver,0.0387,624,436,419,1294,5,420,125
59150600,DA,Vancouver,0.11268,504,260,234,1869,60,235,40
59150601,DA,Vancouver,0.07245,730,375,346,1567,10,350,0
59150602,DA,Vancouver,0.05746,415,226,194,1780,20,195,0
59150603,DA,Vancouver,0.06082,424,221,204,1655,20,205,0
59150604,DA,Vancouver,0.05782,630,327,307,1696,10,305,0
59150605,DA,Vancouver,0.0681,470,229,220,1561,35,220,0
59150606,DA,Vancouver,0.07904,714,337,310,1682,20,310,0
59150607,DA,Vancouver,0.0871,819,472,417,1779,15,420,0
59150608,DA,Vancouver,0.08768,620,339,313,1899,15,310,0
59150609,DA,Vancouver,0.0768,514,260,230,1780,15,230,0
59150610,DA,Vancouver,0.0532,675,370,354,1447,10,355,0
59150611,DA,Vancouver,0.07703,682,349,315,1671,25,315,0
59150612,DA,Vancouver,0.07841,562,278,261,1920,10,265,0
59150613,DA,Vancouver,0.06423,653,361,334,1775,10,335,0
59150614,DA,Vancouver,0.06563,639,368,343,1612,5,345,0
59150615,DA,Vancouver,0.06409,489,274,256,1246,20,255,0
59150616,DA,Vancouver,0.0489,599,358,344,1363,5,345,0
59150617,DA,Vancouver,0.032,521,357,354,1247,5,355,5
59150618,DA,Vancouver,0.04776,657,449,445,1286,5,445,0
59150619,DA,Vancouver,0.05298,591,348,326,1212,5,325,15
59150620,DA,Vancouver,0.06653,541,356,345,903,20,345,0
59150621,DA,Vancouver,0.04976,468,324,310,1227,0,310,0
59150622,DA,Vancouver,0.03425,472,329,311,1436,0,315,40
59150623,DA,Vancouver,0.03431,488,336,326,1264,0,325,0
59150624,DA,Vancouver,0.03371,551,387,379,1474,5,380,0
59150625,DA,Vancouver,0.03315,594,385,373,1297,5,375,0
59150626,DA,Vancouver,0.03463,564,357,350,1205,5,350,0
59150627,DA,Vancouver,0.09261,521,315,295,1678,5,295,45
59150628,DA,Vancouver,0.06694,680,455,430,1268,10,430,30
59150629,DA,Vancouver,0.05166,531,394,347,1212,5,350,0
59150630,DA,Vancouver,0.28375,1216,801,758,1494,5,755,230
59150631,DA,Vancouver,0.0484,1140,735,708,1256,0,705,515
59150632,DA,Vancouver,0.15334,1270,749,722,1553,0,720,400
59150633,DA,Vancouver,0.05408,705,439,427,1366,5,425,95
59150634,DA,Vancouver,0.03503,518,359,352,1199,0,355,0
59150635,DA,Vancouver,0.03631,571,353,345,1382,0,345,0
59150636,DA,Vancouver,0.03587,723,423,396,1388,0,395,255
59150637,DA,Vancouver,0.08805,483,309,300,1537,5,300,145
59150638,DA,Vancouver,0.0557,660,432,420,1392,0,420,80
59150639,DA,Vancouver,0.02726,510,351,338,1745,0,340,245
59150640,DA,Vancouver,0.03773,449,268,260,1215,0,260,130
59150641,DA,Vancouver,0.03561,685,437,435,1363,0,435,120
59150642,DA,Vancouver,0.03716,645,427,421,1189,0,420,75
59150643,DA,Vancouver,0.03515,614,416,412,1189,5,415,60
59150644,DA,Vancouver,0.03622,628,433,427,1155,0,430,65
59150645,DA,Vancouver,0.07077,484,260,257,1263,15,255,40
59150646,DA,Vancouver,0.03671,586,411,403,1160,5,405,5
59150647,DA,Vancouver,0.036,571,310,307,1644,0,305,0
59150648,DA,Vancouver,0.01931,429,147,144,1092,0,140,0
59150649,DA,Vancouver,0.18658,672,392,371,1484,0,375,220
59150650,DA,Vancouver,0.03443,468,252,246,1504,5,245,0
59150651,DA,Vancouver,0.02894,392,219,182,1254,0,180,0
59150652,DA,Vancouver,0.04038,718,350,339,1327,15,340,0
59150653,DA,Vancouver,0.04461,475,272,263,1262,20,265,0
59150654,DA,Vancouver,0.0587,615,311,298,1354,30,295,0
59150655,DA,Vancouver,0.06173,496,217,212,1460,30,215,0
59150656,DA,Vancouver,0.07896,439,278,254,1279,25,250,0
59150657,DA,Vancouver,0.43618,496,217,188,1586,105,190,0
59150658,DA,Vancouver,0.12515,683,302,281,1518,65,280,0
59150659,DA,Vancouver,0.20153,591,238,224,1648,95,225,0
59150660,DA,Vancouver,0.26629,476,177,158,0,120,155,0
59150661,DA,Vancouver,0.30279,538,187,169,0,140,170,0
59150662,DA,Vancouver,0.28185,429,142,125,0,110,125,0
59150663,DA,Vancouver,0.27761,446,157,139,0,125,140,0
59150664,DA,Vancouver,0.27673,493,177,166,0,145,165,0
59150665,DA,Vancouver,0.17004,475,176,164,0,150,160,0
59150666,DA,Vancouver,0.28813,423,138,130,0,125,130,0
59150667,DA,Vancouver,0.22727,462,155,142,0,120,145,0
59150668,DA,Vancouver,0.3882,491,235,222,0,65,225,70
59150669,DA,Vancouver,0.08703,572,138,127,2028,30,125,0
59150670,DA,Vancouver,0.18885,523,187,170,2831,145,170,0
59150671,DA,Vancouver,0.41176,572,103,101,0,50,100,0
59150672,DA,Vancouver,0.17122,651,403,273,2121,85,270,110
59150673,DA,Vancouver,0.14447,444,172,164,2201,80,165,0
59150674,DA,Vancouver,0.11252,488,180,163,1747,100,160,0
59150675,DA,Vancouver,0.09138,667,308,306,1266,50,305,0
59150676,DA,Vancouver,0.08139,546,282,265,1388,55,265,0
59150677,DA,Vancouver,0.08939,523,215,181,1369,75,180,0
59150678,DA,Vancouver,0.0832,594,271,256,1468,45,260,0
59150679,DA,Vancouver,0.06405,414,216,190,1289,20,190,0
59150680,DA,Vancouver,0.11936,665,331,315,1890,20,315,0
59150681,DA,Vancouver,0.06098,445,203,178,1744,10,175,0
59150682,DA,Vancouver,0.10163,738,353,311,1296,55,310,0
59150683,DA,Vancouver,0.09156,571,224,214,1850,85,210,0
59150684,DA,Vancouver,0.09461,764,373,346,1304,45,345,85
59150685,DA,Vancouver,0.11034,947,401,372,1392,65,370,0
59150686,DA,Vancouver,0.04568,327,173,151,1219,15,150,0
59150687,DA,Vancouver,0.05714,440,214,210,1374,45,210,0
59150688,DA,Vancouver,0.07691,535,223,208,1288,45,205,0
59150689,DA,Vancouver,0.08999,447,186,175,1605,70,175,0
59150690,DA,Vancouver,0.08682,559,263,245,1547,65,245,0
59150691,DA,Vancouver,0.09139,507,242,228,1383,25,230,0
59150692,DA,Vancouver,0.08124,640,230,222,962,55,220,0
59150693,DA,Vancouver,0.07239,419,169,158,1600,50,160,0
59150694,DA,Vancouver,0.18567,489,186,175,1217,50,175,0
59150695,DA,Vancouver,0.41396,564,244,218,1078,75,220,0
59150696,DA,Vancouver,0.06396,504,175,167,1201,35,165,0
59150697,DA,Vancouver,0.09797,674,277,255,1397,70,255,0
59150698,DA,Vancouver,0.07901,572,241,206,1442,55,205,0
59150699,DA,Vancouver,0.11672,489,210,189,1197,50,185,0
59150700,DA,Vancouver,0.11323,508,190,171,1313,60,175,0
59150701,DA,Vancouver,0.08274,530,241,213,1275,55,215,0
59150702,DA,Vancouver,0.03151,483,218,207,1539,20,210,0
59150703,DA,Vancouver,0.05907,473,189,163,1280,10,165,0
59150704,DA,Vancouver,0.08761,629,262,246,1300,25,245,0
59150705,DA,Vancouver,0.05571,585,319,316,1235,5,315,0
59150706,DA,Vancouver,0.02047,316,184,177,1172,0,175,0
59150707,DA,Vancouver,0.02664,404,242,232,1092,5,230,0
59150708,DA,Vancouver,0.10514,898,430,422,1265,0,425,85
59150709,DA,Vancouver,0.13567,1605,872,850,1148,5,850,325
59150710,DA,Vancouver,0.06767,606,312,282,1300,15,285,0
59150711,DA,Vancouver,0.06896,1032,636,599,1247,0,600,310
59150712,DA,Vancouver,0.04437,472,293,274,1071,0,275,0
59150713,DA,Vancouver,0.07031,470,301,295,1035,25,295,0
59150714,DA,Vancouver,0.01429,245,154,147,1208,0,145,0
59150715,DA,Vancouver,0.0283,476,313,302,737,0,300,0
59150716,DA,Vancouver,0.02879,428,303,285,777,5,285,20
59150717,DA,Vancouver,0.02907,360,219,200,1111,0,200,0
59150718,DA,Vancouver,0.02808,533,306,289,1010,0,290,0
59150719,DA,Vancouver,0.02845,430,298,283,900,5,285,60
59150720,DA,Vancouver,0.07583,559,418,376,1051,0,375,220
59150721,DA,Vancouver,0.02912,433,295,274,987,5,275,0
59150722,DA,Vancouver,0.02928,481,295,272,1027,0,275,0
59150723,DA,Vancouver,0.0448,447,230,219,1085,5,215,0
59150724,DA,Vancouver,0.05672,467,213,195,1313,10,195,0
59150725,DA,Vancouver,0.05663,495,238,212,1252,10,210,0
59150726,DA,Vancouver,0.0564,478,215,195,1312,10,195,0
59150727,DA,Vancouver,0.07828,475,235,213,1096,10,215,0
59150728,DA,Vancouver,0.04305,450,215,212,1256,10,210,0
59150729,DA,Vancouver,0.08505,729,295,276,1375,40,275,0
59150730,DA,Vancouver,0.07182,453,184,163,1003,15,165,0
59150731,DA,Vancouver,0.07745,646,275,255,1391,55,255,0
59150732,DA,Vancouver,0.07647,486,204,177,1252,50,175,0
59150733,DA,Vancouver,0.08846,563,228,201,1133,70,205,0
59150734,DA,Vancouver,0.09328,758,314,292,1296,40,295,0
59150735,DA,Vancouver,0.11873,621,298,273,1102,25,275,0
59150736,DA,Vancouver,0.13102,702,276,264,1102,45,265,0
59150737,DA,Vancouver,0.05587,466,178,154,1281,20,155,0
59150738,DA,Vancouver,0.06142,493,186,179,1322,35,180,0
59150739,DA,Vancouver,0.05725,410,157,146,1522,30,145,0
59150740,DA,Vancouver,0.05955,467,216,187,1597,10,190,0
59150743,DA,Vancouver,0.08788,580,267,236,1056,5,235,0
59150744,DA,Vancouver,0.04275,458,221,207,1240,15,205,0
59150745,DA,Vancouver,0.07172,593,232,212,1431,35,215,0
59150746,DA,Vancouver,0.06435,494,234,216,1016,10,215,0
59150747,DA,Vancouver,0.08682,352,184,180,920,5,180,0
59150750,DA,Vancouver,0.90613,838,400,385,1073,0,385,5
59150751,DA,Vancouver,0.87307,782,379,349,906,20,345,55
59150752,DA,Vancouver,0.03983,300,142,120,1495,45,120,0
59150753,DA,Vancouver,0.02826,271,130,116,1197,20,120,0
59150754,DA,Vancouver,0.04282,456,267,240,923,45,240,0
59150755,DA,Vancouver,0.05163,779,454,413,560,0,410,250
59150756,DA,Vancouver,0.02422,203,109,76,1152,35,75,0
59150757,DA,Vancouver,0.07878,1123,726,631,835,0,630,430
59150758,DA,Vancouver,0.02731,499,261,254,736,0,250,80
59150759,DA,Vancouver,0.04913,478,115,101,901,5,100,0
59150760,DA,Vancouver,0.0312,577,299,287,408,0,285,60
59150761,DA,Vancouver,0.03495,644,228,191,452,0,190,25
59150762,DA,Vancouver,0.0788,785,551,517,723,0,515,320
59150763,DA,Vancouver,0.0304,375,207,188,541,0,185,145
59150777,DA,Vancouver,0.01556,1212,658,622,1896,0,620,600
59150779,DA,Vancouver,0.01673,987,652,589,1713,0,585,565
59150780,DA,Vancouver,0.06649,2306,1596,1461,1431,5,1460,1410
59150782,DA,Vancouver,0.01626,464,338,301,1714,0,300,290
59150784,DA,Vancouver,0.01699,642,442,400,1158,5,400,400
59150785,DA,Vancouver,0.04879,1895,1431,1325,1350,0,1325,1290
59150786,DA,Vancouver,0.01713,566,366,320,1993,0,320,320
59150787,DA,Vancouver,0.00969,488,236,205,2568,0,205,205
59150788,DA,Vancouver,0.0245,707,440,404,1522,0,400,385
59150790,DA,Vancouver,0.04206,1182,709,645,2245,0,645,590
59150791,DA,Vancouver,0.01829,593,454,438,1216,0,435,435
59150792,DA,Vancouver,0.02441,855,501,489,1246,0,490,360
59150793,DA,Vancouver,0.02226,981,725,712,1012,0,710,570
59150795,DA,Vancouver,0.04796,882,601,585,1242,0,585,295
59150816,DA,Vancouver,0.01275,318,214,207,1131,5,205,120
59150817,DA,Vancouver,0.02674,572,325,305,1243,0,305,205
59150819,DA,Vancouver,0.01343,415,331,284,1248,0,285,220
59150820,DA,Vancouver,0.01317,534,367,361,1274,0,360,340
59150821,DA,Vancouver,0.01533,473,329,325,1307,0,325,230
59150822,DA,Vancouver,0.01582,435,246,241,1552,0,240,130
59150823,DA,Vancouver,0.01816,475,310,300,1475,0,300,255
59150824,DA,Vancouver,0.01757,400,321,296,1172,0,300,225
59150827,DA,Vancouver,0.03478,457,374,314,1354,0,315,310
59150828,DA,Vancouver,0.05006,682,472,447,1367,0,445,395
59150831,DA,Vancouver,0.02343,630,449,436,1549,0,440,435
59150832,DA,Vancouver,0.04954,765,558,534,1270,0,535,535
59150837,DA,Vancouver,0.01856,452,327,324,1085,5,325,140
59150840,DA,Vancouver,0.01748,432,299,286,1140,0,285,165
59150841,DA,Vancouver,0.018,506,302,274,1253,0,275,250
59150845,DA,Vancouver,0.02698,674,448,426,1328,5,430,250
59150846,DA,Vancouver,0.02619,780,547,509,1541,5,510,305
59150850,DA,Vancouver,0.14334,2277,1322,1141,2013,0,1140,1120
59150859,DA,Vancouver,0.01529,412,271,266,1621,0,265,155
59150861,DA,Vancouver,0.02347,613,484,435,1264,0,435,325
59150863,DA,Vancouver,0.05478,596,463,412,1404,0,410,370
59150864,DA,Vancouver,0.01772,506,370,363,1289,0,360,320
59150865,DA,Vancouver,0.03587,698,519,489,1329,0,490,350
59150866,DA,Vancouver,0.01793,567,374,364,1141,0,365,280
59150871,DA,Vancouver,0.31369,548,383,370,1248,5,370,230
59150872,DA,Vancouver,0.07784,423,250,210,1653,30,210,0
59150873,DA,Vancouver,0.06285,512,323,270,1985,25,270,0
59150874,DA,Vancouver,0.171,592,400,372,1336,5,370,0
59150875,DA,Vancouver,0.03394,530,351,336,1568,0,335,0
59150876,DA,Vancouver,0.03335,580,409,377,1462,0,380,5
59150877,DA,Vancouver,0.01682,358,258,253,1409,5,250,165
59150878,DA,Vancouver,0.03467,540,373,358,1331,0,360,60
59150879,DA,Vancouver,0.05106,634,424,392,1260,0,390,220
59150880,DA,Vancouver,0.04964,587,375,340,1542,0,340,0
59150881,DA,Vancouver,0.06567,594,393,363,1577,10,365,0
59150882,DA,Vancouver,0.0789,700,378,353,1564,20,355,0
59150883,DA,Vancouver,0.17065,465,260,230,1947,80,230,0
59150884,DA,Vancouver,0.08127,369,212,181,1538,10,185,0
59150885,DA,Vancouver,0.6938,438,275,265,725,0,265,0
59150886,DA,Vancouver,0.50347,489,243,226,1516,110,225,0
59150887,DA,Vancouver,0.16486,511,197,178,2321,110,175,0
59150888,DA,Vancouver,0.08912,459,188,172,1405,95,170,0
59150889,DA,Vancouver,0.11075,512,191,172,2432,95,170,0
59150890,DA,Vancouver,0.11236,569,229,205,2030,135,205,0
59150891,DA,Vancouver,0.20988,520,207,187,1354,115,185,0
59150892,DA,Vancouver,0.15739,434,168,160,0,120,160,0
59150893,DA,Vancouver,0.11237,544,224,197,1519,95,200,0
59150894,DA,Vancouver,0.09939,630,278,260,1927,70,260,0
59150895,DA,Vancouver,0.10415,533,215,193,1354,100,190,0
59150896,DA,Vancouver,0.09695,523,207,184,1892,100,185,0
59150897,DA,Vancouver,0.11558,605,242,222,1467,130,225,0
59150898,DA,Vancouver,0.13253,497,212,190,1951,80,190,0
59150899,DA,Vancouver,0.13459,528,238,205,1753,95,205,0
59150900,DA,Vancouver,0.08821,441,161,147,0,105,150,0
59150901,DA,Vancouver,0.1021,449,171,146,0,100,145,0
59150902,DA,Vancouver,0.10148,394,174,150,2034,90,150,0
59150903,DA,Vancouver,0.19708,497,188,170,1275,110,170,0
59150904,DA,Vancouver,0.12686,419,173,141,0,100,145,0
59150905,DA,Vancouver,0.14118,520,201,180,1958,135,180,0
59150906,DA,Vancouver,0.12783,486,182,164,1379,110,165,0
59150907,DA,Vancouver,0.16368,609,267,230,1648,120,230,5
59150912,DA,Vancouver,0.17163,500,190,174,0,145,175,0
59150913,DA,Vancouver,0.19067,503,180,162,0,130,160,0
59150914,DA,Vancouver,0.15489,489,162,155,0,140,155,0
59150915,DA,Vancouver,0.11964,474,183,166,0,110,170,0
59150916,DA,Vancouver,0.10525,447,170,148,0,100,145,0
59150917,DA,Vancouver,0.17757,487,178,163,2094,95,165,0
59150918,DA,Vancouver,0.10764,453,180,162,0,95,160,0
59150919,DA,Vancouver,0.37297,454,171,154,0,120,150,0
59150920,DA,Vancouver,0.10143,526,199,178,1734,90,175,0
59150922,DA,Vancouver,0.08967,489,185,169,0,75,170,0
59150923,DA,Vancouver,0.13371,598,249,215,2081,130,215,0
59150924,DA,Vancouver,0.09098,605,322,290,1386,65,290,115
59150925,DA,Vancouver,0.08585,532,307,266,1542,60,265,145
59150926,DA,Vancouver,0.10848,713,369,316,1369,50,315,0
59150927,DA,Vancouver,0.11224,644,279,247,1752,75,250,0
59150928,DA,Vancouver,0.09033,459,197,170,1610,60,170,0
59150929,DA,Vancouver,0.0946,431,165,146,2153,70,145,0
59150930,DA,Vancouver,0.11308,444,167,157,0,95,155,0
59150931,DA,Vancouver,0.15782,478,212,194,0,135,195,0
59150932,DA,Vancouver,0.35117,435,185,168,0,120,170,0
59150933,DA,Vancouver,0.15418,447,179,169,0,120,170,0
59150934,DA,Vancouver,0.60974,402,161,135,0,110,135,0
59150935,DA,Vancouver,0.11358,439,155,145,0,95,145,0
59150936,DA,Greater Vancouver A,2.39336,546,232,198,1594,150,195,0
59150937,DA,Greater Vancouver A,0.04504,511,227,176,1446,0,175,0
59150938,DA,Greater Vancouver A,0.09397,313,189,141,1451,25,140,0
59150939,DA,Greater Vancouver A,0.09456,1206,779,605,1839,0,605,265
59150940,DA,Greater Vancouver A,0.40526,1109,913,183,1438,F,F,F
59150942,DA,Greater Vancouver A,0.05954,283,215,112,1304,0,115,5
59150945,DA,Greater Vancouver A,0.07056,410,190,184,0,0,185,0
59150946,DA,Greater Vancouver A,0.41924,1174,201,135,1073,F,F,F
59150947,DA,Greater Vancouver A,0.67632,1191,800,551,1741,55,550,380
59150948,DA,Greater Vancouver A,0.41176,701,311,265,2010,115,265,40
59150957,DA,Vancouver,0.16391,440,170,146,1559,80,145,0
59150958,DA,Vancouver,0.0963,376,150,128,0,90,130,0
59150959,DA,Vancouver,0.12718,503,200,169,0,105,165,0
59150960,DA,Vancouver,0.13149,446,162,145,2138,110,145,0
59150961,DA,Vancouver,0.17265,480,182,166,0,110,165,0
59150962,DA,Vancouver,0.12097,465,171,153,2407,120,150,0
59150963,DA,Vancouver,0.10473,446,180,165,2280,130,165,0
59150964,DA,Vancouver,0.15355,598,349,325,805,100,325,0
59150965,DA,Vancouver,0.08978,415,153,142,0,105,145,0
59150966,DA,Vancouver,0.10819,510,193,176,0,140,175,0
59150967,DA,Vancouver,0.12808,588,218,211,2131,130,210,0
59150968,DA,Vancouver,0.21312,516,195,169,1860,135,165,0
59150969,DA,Vancouver,0.15351,573,220,200,1881,160,200,0
59150970,DA,Vancouver,0.14254,517,210,187,2298,135,190,0
59150971,DA,Vancouver,0.16584,512,208,185,0,125,185,0
59150972,DA,Vancouver,0.13586,679,281,250,1543,100,250,0
59150973,DA,Vancouver,0.11814,641,257,217,1962,95,215,0
59150974,DA,Vancouver,0.1184,520,248,232,1096,65,230,0
59150975,DA,Vancouver,0.08751,691,323,303,1432,45,305,0
59150976,DA,Vancouver,0.13723,621,273,233,1978,110,230,0
59150977,DA,Vancouver,0.13035,796,349,330,1970,75,330,0
59150978,DA,Vancouver,0.11006,410,163,153,1699,115,150,0
59150979,DA,Vancouver,0.15653,453,168,152,2395,115,150,0
59150980,DA,Vancouver,0.1407,498,184,158,0,115,160,0
59150981,DA,Vancouver,0.14312,396,138,122,0,85,120,0
59150982,DA,Vancouver,0.13697,609,176,149,1799,90,150,0
59153123,DA,Vancouver,0.03425,554,376,356,1461,0,355,0
59153124,DA,Vancouver,0.01698,321,232,229,1337,0,230,50
59153132,DA,Vancouver,0.12023,1359,760,750,1776,5,750,295
59153133,DA,Vancouver,0.06878,714,418,414,1470,0,415,125
59153134,DA,Vancouver,0.03593,581,428,403,1213,0,400,65
59153135,DA,Vancouver,0.05429,827,658,609,1120,0,610,180
59153136,DA,Vancouver,0.05395,985,684,649,1250,0,650,190
59153137,DA,Vancouver,0.03467,645,481,456,1287,0,455,130
59153138,DA,Vancouver,0.05559,573,386,376,1246,0,380,35
59153139,DA,Vancouver,0.03604,495,353,351,1217,0,350,140
59153140,DA,Vancouver,0.07596,790,553,534,1307,0,535,185
59153141,DA,Vancouver,0.04787,724,399,380,2010,5,380,0
59153142,DA,Vancouver,0.03288,500,279,271,1370,0,275,0
59153144,DA,Vancouver,0.04318,765,395,378,1523,0,375,0
59153145,DA,Vancouver,0.06812,590,337,325,1533,5,325,0
59153146,DA,Vancouver,1.08792,8778,5631,4923,1795,20,4925,3875
59153151,DA,Vancouver,0.10931,641,417,408,1094,10,405,45
59153152,DA,Vancouver,0.13301,935,457,435,1635,0,435,225
59153153,DA,Vancouver,0.04919,768,530,524,1250,0,525,155
59153154,DA,Vancouver,0.07546,841,441,438,1189,0,435,175
59153155,DA,Vancouver,0.07914,481,275,249,1324,15,250,0
59153156,DA,Vancouver,0.04114,356,160,154,1742,20,155,0
59153157,DA,Vancouver,0.06655,575,294,265,1542,20,265,0
59153158,DA,Vancouver,0.08075,727,516,451,1252,10,450,85
59153159,DA,Vancouver,0.07376,654,463,449,1038,0,450,100
59153160,DA,Vancouver,0.07206,741,489,463,1096,5,465,0
59153161,DA,Vancouver,0.0425,552,314,311,1269,5,310,0
59153162,DA,Vancouver,0.0296,504,319,304,1137,0,300,0
59153163,DA,Vancouver,0.08188,425,309,285,1256,0,285,90
59153164,DA,Vancouver,0.09918,1593,1128,1081,1514,5,1080,635
59153165,DA,Vancouver,0.03268,525,313,311,897,5,310,45
59153166,DA,Vancouver,0.11052,1091,522,516,1547,65,515,105
59153167,DA,Vancouver,0.16949,616,221,202,1435,85,200,0
59153171,DA,Vancouver,0.0673,742,528,520,1512,0,520,470
59153172,DA,Vancouver,0.02073,784,522,503,1584,0,500,505
59153181,DA,Vancouver,0.86432,554,247,218,557,5,220,95
59153182,DA,Vancouver,0.01493,454,250,203,526,0,200,155
59153183,DA,Vancouver,0.07855,814,510,485,573,10,485,205
59153184,DA,Vancouver,0.07708,639,325,312,654,15,310,200
59153185,DA,Vancouver,0.05257,447,247,198,752,40,195,0
59153186,DA,Vancouver,0.06959,483,252,224,1176,40,225,0
59153187,DA,Vancouver,0.05633,815,374,344,612,0,345,215
59153188,DA,Vancouver,0.16286,252,86,85,513,0,85,0
59153189,DA,Vancouver,0.22379,535,265,239,960,40,240,0
59153246,DA,Vancouver,0.01738,943,698,567,1664,0,565,570
59153249,DA,Vancouver,0.31082,574,177,167,1900,115,165,0
59153250,DA,Vancouver,0.70992,385,138,120,1699,85,120,0
59153251,DA,Vancouver,0.16293,536,189,170,1686,125,170,0
59153252,DA,Vancouver,0.12139,614,267,233,1390,90,230,0
59153253,DA,Vancouver,0.35634,432,189,161,0,125,165,0
59153254,DA,Vancouver,0.24989,420,176,151,1116,85,150,0
59153255,DA,Vancouver,0.20034,631,250,225,0,95,225,40
59153256,DA,Vancouver,0.08849,526,283,257,1627,35,255,0
59153257,DA,Vancouver,0.08972,581,317,294,1696,15,290,0
59153258,DA,Vancouver,0.08979,606,330,319,1596,0,320,65
59153259,DA,Vancouver,0.03412,527,323,315,1226,0,315,0
59153370,DA,Vancouver,0.02412,846,607,594,1265,0,590,430
59153371,DA,Vancouver,0.02493,896,625,584,1258,0,585,420
59153372,DA,Vancouver,0.0306,972,698,682,1299,0,680,390
59153373,DA,Vancouver,0.0317,1113,784,765,1174,0,765,650
59153394,DA,Vancouver,0.05737,1299,924,879,1531,5,880,820
59153400,DA,Vancouver,0.04666,884,594,582,1316,5,580,530
59153464,DA,Vancouver,0.06667,1675,1197,1085,1728,0,1085,1020
59153466,DA,Vancouver,0.25864,604,485,360,1985,0,360,360
59153467,DA,Vancouver,0.01699,932,667,593,1404,0,595,580
59153469,DA,Vancouver,0.03395,1063,523,493,1619,0,495,470
59153470,DA,Vancouver,0.07391,813,346,309,1946,0,310,285
59153471,DA,Vancouver,0.03157,1318,845,732,2238,0,730,690
59153472,DA,Vancouver,0.01662,442,272,257,1872,0,255,235
59153473,DA,Vancouver,0.01713,474,260,247,1994,0,250,230
59153474,DA,Vancouver,0.01606,915,490,433,1848,0,430,400
59153476,DA,Vancouver,0.02603,700,430,388,1587,0,390,385
59153477,DA,Vancouver,0.00811,360,234,210,2040,0,210,200
59153479,DA,Vancouver,0.03378,996,683,532,1789,0,535,535
59153480,DA,Vancouver,0.00887,626,448,371,1353,0,370,370
59153481,DA,Vancouver,0.01486,828,593,481,1849,0,480,470
59153482,DA,Vancouver,0.00972,605,480,335,2065,0,335,320
59153483,DA,Vancouver,0.07594,752,650,438,1709,0,440,395
59153562,DA,Vancouver,0.05242,387,223,190,2324,0,190,155
59153578,DA,Vancouver,0.21666,698,342,262,2012,0,265,225
59153579,DA,Vancouver,0.01661,450,334,333,628,0,335,320
59153580,DA,Vancouver,0.04054,924,678,564,871,0,565,415
59153581,DA,Vancouver,0.03875,846,357,325,697,0,325,265
59153582,DA,Vancouver,0.03707,1078,830,713,888,0,715,575
59153583,DA,Vancouver,0.03968,1093,607,529,1010,0,530,415
59153584,DA,Vancouver,0.09541,1876,1242,1126,1089,0,1130,1005
59153585,DA,Vancouver,0.12778,730,592,525,525,5,525,325
59153586,DA,Vancouver,4.13472,1171,776,729,1579,0,730,620
59153587,DA,Vancouver,0.01525,753,532,509,1340,0,510,510
59153588,DA,Vancouver,0.03286,920,702,672,1181,0,675,475
59153589,DA,Vancouver,0.03276,936,708,683,1128,0,680,455
59153590,DA,Vancouver,0.01758,434,314,311,1205,0,310,165
59153591,DA,Vancouver,0.03845,871,630,589,1336,0,590,490
59153668,DA,Vancouver,0.01589,366,258,246,1305,0,250,245
59153669,DA,Vancouver,0.01711,513,248,239,1071,0,240,235
59153670,DA,Vancouver,0.01683,705,460,456,1208,0,455,370
59153671,DA,Vancouver,0.01569,419,299,285,1287,0,285,170
59153672,DA,Vancouver,0.01604,657,425,423,1304,0,425,370
59153673,DA,Vancouver,0.01789,669,430,424,1291,0,425,230
59153674,DA,Vancouver,0.01726,620,398,396,1335,0,395,255
59153675,DA,Vancouver,0.01768,727,501,495,1215,0,495,435
59153676,DA,Vancouver,0.03101,832,568,556,1257,0,555,270
59153677,DA,Vancouver,0.01536,412,313,258,1237,0,260,160
59153678,DA,Vancouver,0.01743,604,410,407,1041,0,405,345
59153679,DA,Vancouver,0.07212,694,477,465,961,0,465,205
59153680,DA,Vancouver,0.02551,758,569,544,852,0,545,325
59153681,DA,Vancouver,0.02378,966,657,626,1372,0,625,525
59153682,DA,Vancouver,0.05257,741,527,489,1325,0,490,420
59153683,DA,Vancouver,0.03971,1353,928,783,1703,0,785,660
59153684,DA,Vancouver,0.06805,769,525,508,1243,0,505,450
59153685,DA,Vancouver,0.01579,507,303,286,1516,0,290,285
59153686,DA,Vancouver,0.24368,869,499,476,1492,0,480,340
59153687,DA,Vancouver,0.07084,617,355,343,1904,0,345,185
59153688,DA,Vancouver,0.04012,788,378,373,1186,0,375,265
59153689,DA,Vancouver,0.30009,829,370,361,1260,0,360,0
59153690,DA,Vancouver,0.0279,467,222,222,1185,0,220,0
59153691,DA,Vancouver,0.07692,498,334,327,1053,0,325,140
59153692,DA,Vancouver,0.07541,1393,788,755,1579,0,755,380
59153810,DA,Vancouver,0.1117,329,125,106,2568,100,105,0
59153812,DA,Vancouver,0.31269,472,191,160,0,130,160,0
59153814,DA,Vancouver,0.06419,365,128,119,0,30,115,0
59153815,DA,Vancouver,0.09195,692,270,239,1234,70,240,0
59153816,DA,Vancouver,0.0596,408,150,136,1246,35,135,0
59153818,DA,Vancouver,0.13543,788,294,270,914,40,270,0
59153833,DA,Vancouver,0.06924,369,205,179,2209,0,180,150
59153834,DA,Vancouver,0.21809,3714,2350,2023,1920,0,2025,1960
59153835,DA,Vancouver,0.0177,307,195,189,1308,0,185,140
59153836,DA,Vancouver,0.01795,244,158,146,1638,0,145,80
59153838,DA,Vancouver,0.02662,367,255,217,1439,0,220,215
59153839,DA,Vancouver,0.08764,1340,990,955,966,5,955,680
59153843,DA,Vancouver,0.04956,2110,1484,1345,1780,0,1345,1305
59153845,DA,Vancouver,0.41093,3009,2155,1651,1783,0,1650,1645
59153846,DA,Vancouver,0.04913,2012,1410,1318,1460,0,1320,1210
59153847,DA,Vancouver,0.04926,1328,888,844,1443,0,845,745
59153849,DA,Vancouver,0.03473,839,574,498,1202,0,495,495
59153851,DA,Vancouver,0.01573,374,261,231,1650,0,230,215
59153852,DA,Vancouver,0.04951,1203,758,708,1318,0,710,700
59153955,DA,Vancouver,0.03563,656,397,375,1450,5,375,260
59153956,DA,Vancouver,0.04793,954,687,664,1139,5,665,425
59153980,DA,Greater Vancouver A,0.61788,1845,739,672,1885,5,670,145
59153981,DA,Greater Vancouver A,0.10633,1521,781,659,1558,0,655,170
59153986,DA,Vancouver,0.0522,1263,839,725,1955,0,725,715
59153987,DA,Vancouver,0.08638,1333,798,625,2287,0,625,510
59153988,DA,Vancouver,0.053,1175,576,537,1651,0,535,325
59153989,DA,Vancouver,0.03566,501,297,283,1947,0,285,140
59153990,DA,Vancouver,0.03644,704,426,412,1493,5,415,0
59153991,DA,Vancouver,0.11002,1115,627,591,1496,0,590,120
59153994,DA,Vancouver,0.02691,612,463,362,1712,0,360,355
59153995,DA,Vancouver,0.07158,197,123,97,2293,0,100,95
59153996,DA,Vancouver,0.01298,797,425,388,1770,0,385,350
59153997,DA,Vancouver,0.13065,949,723,454,2694,0,455,415
59154001,DA,Vancouver,0.28495,4685,2960,2596,1888,0,2595,2535
59154033,DA,Greater Vancouver A,7.97607,2229,1107,932,1889,0,935,510
59154034,DA,Greater Vancouver A,0.09387,1045,747,494,2293,0,495,400
59154035,DA,Greater Vancouver A,0.04787,530,204,188,2412,0,190,0
59154036,DA,Greater Vancouver A,0.94258,1276,554,514,1679,0,515,250
